,Name,ID,rep_0
0,4000_OAK,4359352,1
1,7Mile_DewateringPump,4359353,1
2,8MileRdPump#1,4359354,1
3,8MileRdPump#2,4359355,1
4,8MileRdPump#3,4359356,1
5,8MileRdPump#4,4359357,1
6,8MileRdPump#5,4359358,1
7,AcaciaDummyPump,4359359,1
8,BelleIsleSanPump,4359360,1
9,BelleIsleStormPump1,4359361,1
10,BelleIsleStormPump2,4359362,1
11,BH_SanPump1,4359363,1
12,BH_SanPump2,4359364,1
13,BH_StormPump1,4359365,1
14,BH_StormPump2,4359366,1
15,BH_StormPump3,4359367,1
16,BH_StormPump4,4359368,0
17,BirminghamDummyPump,4359369,1
18,BloomfieldDummyPump,4359370,1
19,BonHeur1,4359371,1
20,BonHeur2,4359372,1
21,BonHeur3,4359373,1
22,BonHeur4,4359374,1
23,CC_Dewater1,4359375,1
24,CC_Dewater2,4359376,1
25,CC_Dewater3,4359377,1
26,CC_Dewater4,4359378,1
27,ChapatonIntermediateP2,4359379,1
28,ChapatonIntermediateP3,4359380,1
29,ChapatonSanitaryP1,4359381,1
30,ChapatonStorm1,4359382,1
31,ChapatonStorm2,4359383,1
32,ChapatonStorm3,4359384,1
33,CON-PMP-1,4359385,0
34,CON-PMP-10,4359386,0
35,CON-PMP-11,4359387,1
36,CON-PMP-12,4359388,1
37,CON-PMP-2,4359389,1
38,CON-PMP-3,4359390,1
39,CON-PMP-4,4359391,0
40,CON-PMP-5,4359392,0
41,CON-PMP-6,4359393,1
42,CON-PMP-7,4359394,1
43,CON-PMP-8,4359395,1
44,CON-PMP-9,4359396,1
45,DN_C4_Dewatering,4359397,1
46,DN_C6_Dewater,4359398,1
47,DN_C7_Dewatering,4359399,1
48,DN_C8_Dewatering,4359400,1
49,DN_GreenfieldPS,4359401,1
50,DN_Miller_Rd_PS,4359402,1
51,DN_Palmer1,4359403,1
52,DN_Palmer2,4359404,1
53,DN_Palmer3,4359405,1
54,FA-S-1,4359406,1
55,FischerPump1,4359407,1
56,FischerPump2,4359408,1
57,FP1,4359409,1
58,FRE-PMP-1,4359410,0
59,FRE-PMP-10,4359411,1
60,FRE-PMP-2,4359412,0
61,FRE-PMP-3,4359413,1
62,FRE-PMP-4,4359414,0
63,FRE-PMP-5,4359415,1
64,FRE-PMP-6,4359416,0
65,FRE-PMP-7,4359417,1
66,FRE-PMP-8,4359418,0
67,FRE-PMP-9,4359419,1
68,FVSanPump1,4359420,1
69,FVSanPump2,4359421,1
70,FVSanPump3,4359422,1
71,FVSanPump4,4359423,1
72,GM_Discharge,4359424,1
73,GPS-CookRoadPS,4359425,1
74,GWK_PUMP1@8206-4100,4359426,1
75,GWK_PUMP4@82061-4140,4359427,1
76,Hoffman1,4359428,1
77,Hoffman2,4359429,1
78,Hoffman3,4359430,1
79,HS_DewaterPump,4359431,1
80,HW_PumptoBlackMarsh,4359432,1
81,Kerby1,4359433,1
82,Kerby2,4359434,1
83,Kerby3,4359435,1
84,Kerby4,4359436,1
85,Kerby5,4359437,1
86,LathrupDewateringPump6,4359438,1
87,LathrupDewateringPump7,4359439,1
88,LathrupDewateringPump8,4359440,1
89,LathrupInfluentPumps,4359441,1
90,LeibDewaterPS,4359442,1
91,MarterPump1,4359443,1
92,MarterPump2,4359444,1
93,Mayflower1,4359445,1
94,Mayflower2,4359446,1
95,Mayflower3,4359447,1
96,MDOT_PumpI375Monroe,4359448,1
97,MDOT_PumpI75Cameron,4359449,1
98,MDOT_PumpI75Canfield,4359450,1
99,MDOT_PumpI75Carpenter,4359451,1
100,MDOT_PumpI75Clark,4359452,1
101,MDOT_PumpI75Dragoon,4359453,1
102,MDOT_PumpI75Ferry,4359454,1
103,MDOT_PumpI75Grand,4359455,1
104,MDOT_PumpI75GrandRiver,4359456,1
105,MDOT_PumpI75Holbrook,4359457,1
106,MDOT_PumpI75I375,4359458,1
107,MDOT_PumpI75Junction,4359459,1
108,MDOT_PumpI75Nevada,4359460,1
109,MDOT_PumpI75SevenMile,4359461,1
110,MDOT_PumpI75StateFair,4359462,1
111,MDOT_PumpI75Waterman,4359463,1
112,MDOT_PumpI75Wheelock,4359464,1
113,MDOT_PumpI75Wilkins,4359465,1
114,MDOT_PumpI9414th,4359466,1
115,MDOT_PumpI9428th,4359467,1
116,MDOT_PumpI94Cadieux,4359468,1
117,MDOT_PumpI94Cadillac,4359469,1
118,MDOT_PumpI94Central,4359470,1
119,MDOT_PumpI94Conner,4359471,1
120,MDOT_PumpI94Dickerson,4359472,1
121,MDOT_PumpI94Harper,4359473,1
122,MDOT_PumpI94Hecla,4359474,1
123,MDOT_PumpI94Howell,4359475,1
124,MDOT_PumpI94Junction,4359476,1
125,MDOT_PumpI94M10,4359477,1
126,MDOT_PumpI94Martin,4359478,1
127,MDOT_PumpI94Outer,4359479,1
128,MDOT_PumpI94Seneca,4359480,1
129,MDOT_PumpI94Whittier,4359481,1
130,MDOT_PumpI94Wyoming,4359482,1
131,MDOT_PumpM10Bagley,4359483,1
132,MDOT_PumpM10Bethune,4359484,1
133,MDOT_PumpM10Calvert,4359485,1
134,MDOT_PumpM10Chicago,4359486,1
135,MDOT_PumpM10Edison,4359487,1
136,MDOT_PumpM10Eudid,4359488,1
137,MDOT_PumpM10Forest,4359489,1
138,MDOT_PumpM10GrandRiver,4359490,1
139,MDOT_PumpM10Holmer,4359491,1
140,MDOT_PumpM10I75,4359492,1
141,MDOT_PumpM10Kentucky,4359493,1
142,MDOT_PumpM10Linwood,4359494,1
143,MDOT_PumpM10M8,4359495,1
144,MDOT_PumpM10Milw,4359496,1
145,MDOT_PumpM10Oakman,4359497,1
146,MDOT_PumpM10Puritan,4359498,1
147,MDOT_PumpM10SantaRosa,4359499,1
148,MDOT_PumpM10Second,4359500,1
149,MDOT_PumpM10Seldon,4359501,1
150,MDOT_PumpM10Woodingham,4359502,1
151,MDOT_PumpM39Hubbard,4359503,1
152,MDOT_PumpM8Dequindre,4359504,1
153,MDOT_PumpM8Hamilton,4359505,1
154,MDOT_PumpM8JosCampau,4359506,1
155,MDOT_PumpM8Oakland,4359507,1
156,MDOT_PumpM8Second,4359508,1
157,MDOT_PumpM8Woodward,4359509,1
158,MilkRiverDewateringPump,4359510,1
159,MR-100,4359511,1
160,MR-101,4359512,1
161,MR-201,4359513,1
162,MR-202,4359514,1
163,MR-203,4359515,1
164,MR-204,4359516,1
165,MR-205,4359517,1
166,MR-206,4359518,1
167,MR-207,4359519,1
168,NeffPS_SanP4,4359520,1
169,NeffPS_SanP5,4359521,1
170,NeffPS_SanP6,4359522,1
171,NeffPS_StormP1,4359523,1
172,NeffPS_StormP2,4359524,1
173,NeffPS_StormP3,4359525,1
174,NeffPS_StormP7,4359526,1
175,NESPS_Pump1_OMID,4359527,1
176,NESPS_Pump2_1_OMID,4359528,1
177,NESPS_Pump2_2_OMID,4359529,1
178,NESPS_Pump2_3_OMID,4359530,1
179,NESPS_Pump4_1_OMID,4359531,1
180,NESPS_Pump4_2_OMID,4359532,1
181,NESPS_Pump4_3_OMID,4359533,1
182,NESPS_Pump5_OMID,4359534,1
183,NESPS_Pump6_OMID,4359535,0
184,OakwoodPump1,4359536,1
185,OakwoodPump2,4359537,1
186,OakwoodPump3,4359538,1
187,OakwoodPump4,4359539,1
188,OakwoodPump5,4359540,0
189,OakwoodPump6,4359541,1
190,OakwoodPump7,4359542,1
191,OakwoodSanPump,4359543,1
192,OakwoodSanPump2,4359544,1
193,PF_DewaterPump,4359545,1
194,PF_SanitaryPump,4359546,1
195,PUMP26@3409-3410,4359547,1
196,PUMP51@7004-7000,4359548,1
197,PUMP56@1759-1760,4359549,1
198,RioVista1,4359550,1
199,RioVista2,4359551,1
200,RioVista3,4359552,1
201,RioVista4,4359553,1
202,RVSDS_EQ_Livonia_Pump1,4359554,1
203,RVSDS_EQ_Livonia_Pump2,4359555,1
204,RVSDS_EQ_Livonia_Pump3,4359556,1
205,RVSDS_EQ_Wayne_InflowPump1,4359557,1
206,RVSDS_EQ_Wayne_InflowPump2,4359558,1
207,RVSDS_EQ_Wayne_InflowPump3,4359559,1
208,RVSDS_EQ_Wayne_InflowPump4,4359560,1
209,RVSDS_EQ_Wayne_OutflowPump1,4359561,1
210,RVSDS_EQ_Wayne_OutflowPump2,4359562,1
211,RVSDS_INT_LS1A_DWP,4359563,1
212,RVSDS_INT_LS1A_Pump1,4359564,1
213,RVSDS_INT_LS1A_Pump2,4359565,1
214,RVSDS_INT_LS1A_Pump3,4359566,1
215,RVSDS_INT_LS1A_Pump4,4359567,1
216,RVSDS_INT_LS1A_Pump5,4359568,1
217,RVSDS_INT_LS1A_Pump6,4359569,1
218,RVSDS_RTB_DearbornHgts_3_DWP,4359570,1
219,RVSDS_RTB_DearbornHgts_3_RVSDS_RTB_Pump1,4359571,1
220,RVSDS_RTB_DearbornHgts_3_RVSDS_RTB_Pump2,4359572,1
221,RVSDS_RTB_DearbornHgts_3_RVSDS_RTB_Pump3,4359573,1
222,RVSDS_RTB_DearbornHgts_3_RVSDS_RTB_Pump4,4359574,1
223,RVSDS_RTB_DearbornHgts_3_RVSDS_RTB_Pump5,4359575,1
224,RVSDS_RTB_DearbornHgts_3_RVSDS_RTB_Pump6,4359576,1
225,RVSDS_RTB_Inkster_1_DWP,4359577,1
226,RVSDS_RTB_Inkster_1_RVSDS_RTB_Pump1,4359578,1
227,RVSDS_RTB_Inkster_1_RVSDS_RTB_Pump2,4359579,1
228,RVSDS_RTB_Inkster_1_RVSDS_RTB_Pump3,4359580,1
229,RVSDS_RTB_Inkster_1_RVSDS_RTB_Pump4,4359581,1
230,RVSDS_RTB_Inkster_1_RVSDS_RTB_Pump5,4359582,1
231,RVSDS_RTB_Inkster_1_RVSDS_RTB_Pump6,4359583,1
232,RVSDS_RTB_JohnDalyPS_Pump1,4359584,1
233,RVSDS_RTB_JohnDalyPS_Pump2,4359585,1
234,RVSDS_RTB_JohnDalyPS_Pump3,4359586,1
235,RVSDS_RTB_Middlebelt_DWP,4359587,1
236,RVSDS_RTB_Redford_1_DWP,4359588,1
237,RVSDS_RTB_Redford_1_RVSDS_RTB_Pump1,4359589,1
238,RVSDS_RTB_Redford_1_RVSDS_RTB_Pump2,4359590,1
239,RVSDS_RTB_Redford_1_RVSDS_RTB_Pump3,4359591,1
240,RVSDS_RTB_Redford_1_RVSDS_RTB_Pump4,4359592,1
241,RVSDS_RTB_Redford_1_RVSDS_RTB_Pump5,4359593,1
242,RVSDS_RTB_Redford_1_RVSDS_RTB_Pump6,4359594,1
243,RVSDS_RTB_Redford_SC_DWP,4359595,1
244,SA_DewaterPump,4359596,1
245,SFE01,4359597,1
246,Violet1,4359598,1
247,Violet2,4359599,1
248,Violet3,4359600,1
249,Violet4,4359601,1
250,Woodmere_SanPump5,4359602,1
251,Woodmere_SanPump6,4359603,1
252,Woodmere_STPump1,4359604,1
253,Woodmere_STPump2,4359605,1
254,Woodmere_STPump3,4359606,1
255,WRRF_Dummy,4359607,1
256,WRRF_PS1_P1,4359608,1
257,WRRF_PS1_P2,4359609,1
258,WRRF_PS1_P3,4359610,1
259,WRRF_PS1_P4,4359611,1
260,WRRF_PS1_P5,4359612,1
261,WRRF_PS1_P6,4359613,1
262,WRRF_PS1_P7,4359614,1
263,WRRF_PS1_P8,4359615,1
264,WRRF_PS2_P10,4359616,1
265,WRRF_PS2_P11,4359617,1
266,WRRF_PS2_P12,4359618,1
267,WRRF_PS2_P13,4359619,1
268,WRRF_PS2_P14,4359620,1
269,WRRF_PS2_P15,4359621,1
270,WRRF_PS2_P16,4359622,1
271,WRRF_PS2_P9,4359623,1
